,adni,eICU,ELSA,HRS,MIDUS,MIMIC,mpower,NHANES,NOAA,OpenAQ,radar_cns,studentlife,Total
Deep learning,55.23255813953488,37.610619469026545,18.617021276595743,16.94915254237288,28.07017543859649,54.18502202643172,68.69565217391305,32.5,24.561403508771928,67.74193548387096,76.41509433962264,73.5632183908046,47.06303724928367
Tree-based ensemble,33.72093023255814,42.47787610619469,10.638297872340425,8.47457627118644,3.508771929824561,54.62555066079295,41.73913043478261,15.0,3.508771929824561,48.38709677419355,35.84905660377358,49.42528735632184,33.810888252149
Linear / GLM,43.604651162790695,60.61946902654868,75.53191489361703,57.6271186440678,52.63157894736842,61.67400881057269,44.34782608695652,70.0,15.789473684210526,29.03225806451613,27.358490566037734,37.93103448275862,52.00573065902579
Kernel / instance-based,41.86046511627907,16.371681415929203,4.25531914893617,5.084745762711865,0.0,30.837004405286343,31.30434782608696,5.0,0.0,11.29032258064516,20.754716981132077,39.08045977011494,20.845272206303726
Survival models,17.441860465116278,30.08849557522124,23.404255319148938,37.28813559322034,29.82456140350877,25.11013215859031,5.217391304347826,37.5,0.0,0.0,7.547169811320755,6.896551724137931,19.555873925501434
Probabilistic / statistical,17.441860465116278,8.849557522123893,8.51063829787234,11.864406779661017,8.771929824561402,8.81057268722467,20.869565217391305,2.5,12.280701754385964,12.903225806451612,22.641509433962266,22.988505747126435,13.03724928366762
Ensemble / stacking,29.651162790697676,15.929203539823009,6.382978723404255,1.694915254237288,0.0,22.026431718061673,30.434782608695656,5.0,59.64912280701754,35.483870967741936,19.81132075471698,20.689655172413794,20.20057306590258
Other classical ML,15.69767441860465,17.699115044247787,5.319148936170213,0.0,0.0,27.75330396475771,25.217391304347824,5.0,10.526315789473683,16.129032258064516,12.264150943396226,29.88505747126437,16.189111747851005
Papers (N),172.0,226.0,188.0,59.0,57.0,227.0,115.0,40.0,57.0,62.0,106.0,87.0,1396.0
